{
    "name": "root",
    "gauges": {
        "MoveToGoal.Policy.Entropy.mean": {
            "value": 1.42605721950531,
            "min": 1.4210405349731445,
            "max": 1.4420877695083618,
            "count": 33
        },
        "MoveToGoal.Policy.Entropy.sum": {
            "value": 42738.93359375,
            "min": 42316.48046875,
            "max": 43824.890625,
            "count": 33
        },
        "MoveToGoal.Step.mean": {
            "value": 989965.0,
            "min": 29965.0,
            "max": 989965.0,
            "count": 33
        },
        "MoveToGoal.Step.sum": {
            "value": 989965.0,
            "min": 29965.0,
            "max": 989965.0,
            "count": 33
        },
        "MoveToGoal.Policy.ExtrinsicValueEstimate.mean": {
            "value": -0.10281115025281906,
            "min": -7.398317813873291,
            "max": -0.03318700194358826,
            "count": 33
        },
        "MoveToGoal.Policy.ExtrinsicValueEstimate.sum": {
            "value": -24.160619735717773,
            "min": -2093.723876953125,
            "max": -7.832132339477539,
            "count": 33
        },
        "MoveToGoal.Policy.CuriosityValueEstimate.mean": {
            "value": 0.33169612288475037,
            "min": 0.27706074714660645,
            "max": 37.53452682495117,
            "count": 33
        },
        "MoveToGoal.Policy.CuriosityValueEstimate.sum": {
            "value": 77.9485855102539,
            "min": 65.38633728027344,
            "max": 10622.271484375,
            "count": 33
        },
        "MoveToGoal.Environment.EpisodeLength.mean": {
            "value": 7069.5,
            "min": 255.35772357723576,
            "max": 13400.0,
            "count": 32
        },
        "MoveToGoal.Environment.EpisodeLength.sum": {
            "value": 14139.0,
            "min": 7085.0,
            "max": 64952.0,
            "count": 32
        },
        "MoveToGoal.Environment.CumulativeReward.mean": {
            "value": -15.0,
            "min": -28.939393939393938,
            "max": 5.0,
            "count": 32
        },
        "MoveToGoal.Environment.CumulativeReward.sum": {
            "value": -30.0,
            "min": -3510.0,
            "max": 5.0,
            "count": 32
        },
        "MoveToGoal.Policy.ExtrinsicReward.mean": {
            "value": -15.0,
            "min": -28.939393939393938,
            "max": 5.0,
            "count": 32
        },
        "MoveToGoal.Policy.ExtrinsicReward.sum": {
            "value": -30.0,
            "min": -3510.0,
            "max": 5.0,
            "count": 32
        },
        "MoveToGoal.Policy.CuriosityReward.mean": {
            "value": 19.173280213028193,
            "min": 17.664747598270576,
            "max": 369.71652887222615,
            "count": 32
        },
        "MoveToGoal.Policy.CuriosityReward.sum": {
            "value": 38.346560426056385,
            "min": 35.190585911273956,
            "max": 22282.97046560049,
            "count": 32
        },
        "MoveToGoal.Losses.PolicyLoss.mean": {
            "value": 0.021968964380923554,
            "min": 0.02088848936966517,
            "max": 0.02681420891927296,
            "count": 33
        },
        "MoveToGoal.Losses.PolicyLoss.sum": {
            "value": 0.06590689314277066,
            "min": 0.04357758806630348,
            "max": 0.08044262675781888,
            "count": 33
        },
        "MoveToGoal.Losses.ValueLoss.mean": {
            "value": 0.07086108140647411,
            "min": 0.05683570084058576,
            "max": 39.8316775004069,
            "count": 33
        },
        "MoveToGoal.Losses.ValueLoss.sum": {
            "value": 0.21258324421942235,
            "min": 0.15326706307629745,
            "max": 119.49503250122069,
            "count": 33
        },
        "MoveToGoal.Policy.LearningRate.mean": {
            "value": 8.635297121599998e-06,
            "min": 8.635297121599998e-06,
            "max": 0.00029536620154459994,
            "count": 33
        },
        "MoveToGoal.Policy.LearningRate.sum": {
            "value": 2.5905891364799995e-05,
            "min": 2.5905891364799995e-05,
            "max": 0.0008628168123944,
            "count": 33
        },
        "MoveToGoal.Policy.Epsilon.mean": {
            "value": 0.1028784,
            "min": 0.1028784,
            "max": 0.19845539999999998,
            "count": 33
        },
        "MoveToGoal.Policy.Epsilon.sum": {
            "value": 0.3086352,
            "min": 0.21094000000000007,
            "max": 0.5876056000000001,
            "count": 33
        },
        "MoveToGoal.Policy.Beta.mean": {
            "value": 0.00015363216,
            "min": 0.00015363216,
            "max": 0.00492292446,
            "count": 33
        },
        "MoveToGoal.Policy.Beta.sum": {
            "value": 0.00046089647999999995,
            "min": 0.00046089647999999995,
            "max": 0.014381519439999999,
            "count": 33
        },
        "MoveToGoal.Losses.CuriosityForwardLoss.mean": {
            "value": 0.06716205113463931,
            "min": 0.048881115640203164,
            "max": 2728.8564715067546,
            "count": 33
        },
        "MoveToGoal.Losses.CuriosityForwardLoss.sum": {
            "value": 0.20148615340391793,
            "min": 0.13274252576132617,
            "max": 5457.712943013509,
            "count": 33
        },
        "MoveToGoal.Losses.CuriosityInverseLoss.mean": {
            "value": 6.095702160729303,
            "min": 5.248605940077041,
            "max": 18.670474147796632,
            "count": 33
        },
        "MoveToGoal.Losses.CuriosityInverseLoss.sum": {
            "value": 18.28710648218791,
            "min": 11.295646158854167,
            "max": 37.340948295593265,
            "count": 33
        },
        "MoveToGoal.IsTraining.mean": {
            "value": 1.0,
            "min": 1.0,
            "max": 1.0,
            "count": 33
        },
        "MoveToGoal.IsTraining.sum": {
            "value": 1.0,
            "min": 1.0,
            "max": 1.0,
            "count": 33
        }
    },
    "metadata": {
        "timer_format_version": "0.1.0",
        "start_time_seconds": "1716280822",
        "python_version": "3.10.12 (main, Jul  5 2023, 15:02:25) [Clang 14.0.6 ]",
        "command_line_arguments": "/opt/anaconda3/envs/mlagents/bin/mlagents-learn Assets/Scripts/Plane.yaml --run-id=Plane_011",
        "mlagents_version": "1.0.0",
        "mlagents_envs_version": "1.0.0",
        "communication_protocol_version": "1.5.0",
        "pytorch_version": "2.3.0",
        "numpy_version": "1.21.2",
        "end_time_seconds": "1716284484"
    },
    "total": 1750.714964666986,
    "count": 1,
    "self": 0.0036629169480875134,
    "children": {
        "run_training.setup": {
            "total": 0.016597458044998348,
            "count": 1,
            "self": 0.016597458044998348
        },
        "TrainerController.start_learning": {
            "total": 1750.6947042919928,
            "count": 1,
            "self": 0.9815584557363763,
            "children": {
                "TrainerController._reset_env": {
                    "total": 5.926662958110683,
                    "count": 1,
                    "self": 5.926662958110683
                },
                "TrainerController.advance": {
                    "total": 1743.7339766700752,
                    "count": 100061,
                    "self": 0.8983442480675876,
                    "children": {
                        "env_step": {
                            "total": 1479.1885249661282,
                            "count": 100061,
                            "self": 1406.7813048724784,
                            "children": {
                                "SubprocessEnvManager._take_step": {
                                    "total": 71.75544231780805,